key,BR,DE,EE,EN,ES LATAM,ES,FR,IT,JA,KO,PL,PT,RU,TR,UA,ZHS,ZHT
START,INICIAR,START,ALUSTA,START,EMPEZAR,EMPEZAR,DÉMARRER,INIZIA,スタート,시작,START,INICIAR,НАЧАТЬ,BAŞLA,ПОЧАТИ ГРУ,开始,開始
CONTROLLER,CONTROLE,STEUERUNG,RIISTVARA,CONTROLLER,CONTROL,MANDO,MANETTE,CONTROLLER,コントローラー,컨트롤러,KONTROLER,CONTROLE,КОНТРОЛЛЕР,KONTROLLER,КОНТРОЛЕР,控制器,控制器
DRILL,VOCÊ SABE O QUE FAZER.,"DU WEISST, WIE ES LÄUFT.","TEAD KÜLL, JUBA.",YOU KNOW THE DRILL.,YA SABES CÓMO VA ESTO.,YA SABES CÓMO VA ESTO.,TU SAIS COMMENT ÇA MARCHE.,SAI GIÀ COME FUNZIONA.,もうわかってるだろ,방법은 잘 알겠지.,"WIESZ, CO MASZ ROBIĆ.",TU SABES O QUE FAZER.,ПРАВИЛА ТЫ ЗНАЕШЬ...,NE YAPACAĞINI BİLİYORSUN.,ПРАВИЛА ВИ ЗНАЄТЕ.,你知道该怎么做,你知道該如何做
ESTONIA,EESTI,EESTI,EESTI,EESTI,EESTI,EESTI,EESTI,EESTI,EESTI,EESTI,EESTI,EESTI,EESTI,EESTI,EESTI,EESTI,EESTI
CAREFUL,TOME CUIDADO...,VORSICHTIG JETZT ...,"OLE ETTEVAATLIK, NÜÜD ...","CAREFUL, NOW ...",TEN MUCHO CUIDADO AHORA...,TEN MUCHO CUIDADO AHORA...,ATTENTION…,ATTENZIONE...,もう後はないぞ……,이제 조심해...,TERAZ OSTROŻNIE...,CUIDADO...,ОСТОРОЖНЕЕ...,"DİKKATLİ OL, ŞİMDİ...",ОБЕРЕЖНІШЕ...,现在小心……,現在當心……
UNFORTUNATE,QUE PENA...,WIE BEDAUERLICH ...,"APPI, KUI KURB ...",HOW UNFORTUNATE ...,QUÉ PENA ...,QUÉ PENA...,QUEL DOMMAGE…,CHE SFORTUNA...,残念だったな……,운도 지지리 없지..,CO ZA PECH...,QUE PENA ...,НЕ ПОВЕЗЛО...,NE ŞANSIZLIK...,ЯК ПРИКРО...,真遗憾……,真遺憾……
PHONE DESC,"UMA VOZ MISTERIOSA
TE CONTA SOBRE O FUTURO.","EINE GEHEIMNISVOLLE STIMME GIBT
DIR EINEN EINBLICK IN DIE ZUKUNFT.","TUNDMATU HÄÄL ANNAB
SULLE TULEVIKUST NÕU.","A MYSTERIOUS VOICE GIVES
YOU INSIGHT FROM THE FUTURE.","UNA VOZ MISTERIOSA
TE DA INFORMACIÓN SOBRE EL FUTURO.","UNA VOZ MISTERIOSA
TE DA INFORMACIÓN SOBRE EL FUTURO.","UNE VOIX MYSTÉRIEUSE VOUS DONNE
DES INFORMATIONS SUR LE FUTUR.","UNA VOCE MISTERIOSA TI DÀ
DELLE INFORMAZIONI PROVENIENTI DAL FUTURO.",謎の声が未来予知,"모르는 목소리가 미래에서
 정보를 전해줍니다.","TAJEMNICZY GŁOS
PRZEPOWIADA CI PRZYSZŁOŚĆ.","UMA VOZ MISTERIOSA
CONTA-TE SOBRE O FUTURO.",ТАИНСТВЕННЫЙ ГОЛОС ОТКРОЕТ ЗАВЕСУ БУДУЩЕГО,"BİR GİZEMLİ SES
GELECEKTEN SANA ÖNSEZİ VERİR.","НЕЗНАЙОМИЙ ГОЛОС 
ОПИШЕ ВАШЕ МАЙБУТНЄ.","一个神秘的声音
 让你窥探未来","一個神秘的聲音
 讓你窺探未來"
YOURE LUCKY,"TEM SORTE QUE TE DEIXARAM
UMA CARGA!","DU HAST GLÜCK, DASS DU
NOCH EINE LADUNG HAST!","SUL VEDAS, ET TA SULLE
SÄRTSU JÄTTIS!","YOU'RE LUCKY IT LEFT YOU
WITH A CHARGE!","¡TIENES SUERTE DE QUE TE DEJARA
CON UNA CARGA!","¡TIENES SUERTE DE QUE TE DEJARA
UNA CARGA!","QUELLE CHANCE, IL T'A LAISSÉ
UNE CHARGE !","CHE FORNUTA, TI È RIMASTA UNA CARICA!",タマがあるとはツイてんな！,"돈만 받고 보내 준 걸
 감사하게 생각하시죠!","CAŁE SZCZĘŚCIE,
MASZ JESZCZE TROCHĘ ZDROWIA!","TENS SORTE QUE TE DEIXARAM
COM UMA CARGA!","ПОВЕЗЛО, ЧТО
ОСТАЛСЯ РАЗРЯД!",SANA YAŞAMA FIRSATI VERDİĞİ İÇİN ŞANSLISIN!,"ВАМ ПОЩАСТИЛО, ЩО У ВАС 
ЗАЛИШИВСЯ ЗАРЯД!","你很幸运，
还剩一口气！","你很幸運，
還剩一口氣！"
AUDIO/VIDEO,ÁUDIO/VÍDEO,AUDIO/VIDEO,HELI/EKRAAN,AUDIO/VIDEO,SONIDO/GRÁFICOS,SONIDO/GRÁFICOS,AUDIO/VIDÉO,AUDIO/VIDEO,オーディオ / ディスプレイ,오디오/비디오,DŹWIĘK/GRAFIKA,ÁUDIO/VÍDEO,ЗВУК/ВИДЕО,SES/GÖRÜNTÜ,ЗВУК/ВІДЕО,音频/视频,音訊/視訊
HANDSAW DESC,A ESPINGARDA CAUSA 2 DE DANO.,DIE SCHROTFLINTE VERURSACHT 2 SCHADEN.,PUMPPÜSS TEEB TOPELT HAIGET.,SHOTGUN DEALS 2 DAMAGE.,LA ESCOPETA HACE 2 DE DAÑO.,LA ESCOPETA HACE 2 DE DAÑO.,LE FUSIL INFLIGE 2 CHARGES DE DÉGÂTS.,IL FUCILE INFLIGGE 2 DANNI.,実包 2 ダメージ,샷건이 2배의 대미지를 줍니다.,STRZELBA ZADAJE 2 PKT. OBRAŻEŃ.,A ESPINGARDA CAUSA 2 DE DANO.,ДРОБОВИК НАНОСИТ 2 ЕД. УРОНА.,POMPALI TÜFEK 2 HASAR VERİR.,ДРОБОВИК НАНОСИТЬ 2 ОД. ШКОДИ.,霰弹枪造成 2 点伤害,霰彈槍造成 2 點傷害
EXIT,SAIR,VERLASSEN,LAHKU,EXIT,SALIR,SALIR,QUITTER,ESCI,退出,나가기,WYJŚCIE,SAIR,ВЫХОД,ÇIKIŞ,ВИХІД,退出,退出
PRESS ANY BUTTON REMAP,PRESSIONE QUALQUER BOTÃO,DRÜCKE EINE BELIEBIGE TASTE,VAJUTA ÜKSKÕIK MIS NUPPU,PRESS ANY BUTTON,PRESIONA CUALQUIER BOTÓN,PULSA CUALQUIER BOTÓN,APPUYER SUR UNE TOUCHE,PREMI QUALSIASI TASTO,任意のボタンを押してください,아무 버튼이나 누르기,NACIŚNIJ DOWOLNY PRZYCISK,PRESSIONA QUALQUER BOTÃO,НАЖМИТЕ ЛЮБУЮ КНОПКУ,HERHANGİ BİR TUŞA BASIN,НАТИСНІТЬ БУДЬ-ЯКУ КЛАВІШУ,按任意键,按任意鍵
GET UP,"LEVANTE-SE, %s!","STEH AUF, %s!","TÕUSE PÜSTI, %s!","GET UP, %s!","¡LEVÁNTATE, %s!","¡LEVÁNTATE, %s!","DEBOUT, %s !","ALZATI, %s!",起きろ%s！,"일어나, %s!","WSTAWAJ, %s!","LEVANTE-SE, %s!","ПОДНИМАЙСЯ, %s!","AYAĞA KALK, %s!","ВСТАВАЙТЕ, %s!",起来，%s！,起來，%s！
RUSSIAN,РУССКИЙ,РУССКИЙ,РУССКИЙ,РУССКИЙ,РУССКИЙ,РУССКИЙ,РУССКИЙ,РУССКИЙ,РУССКИЙ,РУССКИЙ,РУССКИЙ,РУССКИЙ,РУССКИЙ,РУССКИЙ,РУССКИЙ,РУССКИЙ,РУССКИЙ
REBINDING,RECONFIGURAR CONTROLES,STEUERUNG NEU ZUWEISEN,NUPPUDE ÜMBERSEADISTAMINE,REBIND CONTROLS,ENLAZAR CONTROLES,REASIGNAR CONTROLES,CONFIGURER LES TOUCHES,REIMPOSTA I COMANDI,操作キー再割り当て,컨트롤 재지정,ZMIEŃ STEROWANIE,CONFIGURAR CONTROLES,ИЗМЕНИТЬ УПРАВЛЕНИЕ,KONTROLLERİ YENİDEN ATA,ЗМІНИТИ КЕРУВАННЯ,重新绑定控制,重新設定控制
SELECT DEVICE,SELECIONAR DISPOSITIVO,GERÄT AUSWÄHLEN,VALI SEADELDIS,SELECT DEVICE,SELECCIONAR DISPOSITIVO,SELECCIONAR DISPOSITIVO,SÉLECTIONNER UN APPAREIL,SELEZIONA DISPOSITIVO,デバイス選択,기기 선택,WYBIERZ URZĄDZENIE,SELECIONAR DISPOSITIVO,ВЫБЕРИТЕ УСТРОЙСТВО,CİHAZ SEÇİN,ОБЕРІТЬ ПРИСТРІЙ,选择设备,選擇裝置
ENGLISH,ENGLISH,ENGLISH,ENGLISH,ENGLISH,ENGLISH,ENGLISH,ENGLISH,ENGLISH,ENGLISH,ENGLISH,ENGLISH,ENGLISH,ENGLISH,ENGLISH,ENGLISH,ENGLISH,ENGLISH
CONGRATULATIONS,"PARABÉNS, %s!","GLÜCKWUNSCH, %s!","PALJU ÕNNE, %s!","CONGRATULATIONS, %s!","¡ENHORABUENA, %s!","¡ENHORABUENA, %s!","FÉLICITATIONS, %s !","CONGRATULAZIONI, %s!",おめでとう%s！,축하합니다 %s!,"GRATULACJE, %s!","PARABÉNS, %s!","ПОЗДРАВЛЯЕМ, %s!","TEBRİKLER, %s!","ВІТАЄМО, %s!",恭喜，%s！,恭喜，%s！
UKRANIAN,УКРАЇНСЬКА,УКРАЇНСЬКА,УКРАЇНСЬКА,УКРАЇНСЬКА,УКРАЇНСЬКА,УКРАЇНСЬКА,УКРАЇНСЬКА,УКРАЇНСЬКА,УКРАЇНСЬКА,УКРАЇНСЬКА,УКРАЇНСЬКА,УКРАЇНСЬКА,УКРАЇНСЬКА,УКРАЇНСЬКА,УКРАЇНСЬКА,УКРАЇНСЬКА,УКРАЇНСЬКА
GERMAN,DEUTSCH,DEUTSCH,DEUTSCH,DEUTSCH,DEUTSCH,DEUTSCH,DEUTSCH,DEUTSCH,DEUTSCH,DEUTSCH,DEUTSCH,DEUTSCH,DEUTSCH,DEUTSCH,DEUTSCH,DEUTSCH,DEUTSCH
WAIVER,ASSINE O TERMO DE RESPONSABILIDADE.,"BITTE UNTERSCHREIBE 
DIE VERZICHTSERKLÄRUNG.",PALUN ALLKIRJASTA LEPING.,PLEASE SIGN THE WAIVER.,"POR FAVOR, FIRMA LA RENUNCIA","POR FAVOR, FIRMA LA RENUNCIA.",SIGNE LA DÉCHARGE DE RESPONSABILITÉ.,FIRMA LA LIBERATORIA.,免責同意書に署名してくれ,동의서에 싸인해 주십시오.,PODPISZ OŚWIADCZENIE.,"ASSINE O TERMO DE
RESPONSABILIDADE.",ПОДПИШИ ОТКАЗ ОТ ПРЕТЕНЗИЙ.,LÜTFEN FERAGATNAMEYİ İMZALAYIN.,ПІДПИШІТЬ ВІДМОВУ ВІД ПРЕТЕНЗІЙ.,请签署生死状,請簽署生死狀
LIVEROUND,%s MUNIÇÃO REAL.,%s SCHARFE MUNITION.,%s TERAV.,%s LIVE ROUND.,%s BALA CARGADA.,%s BALA CARGADA.,%s CARTOUCHE RÉELLE.,%s PROIETTILE VERO.,実包 %s 発,%s 실탄이야.,%s OSTRY NABÓJ.,%s MUNIÇÃO REAL.,%s БОЕВОЙ.,%s GERÇEK FİŞEK,%s БОЙОВИЙ.,%s 实弹,%s 實彈
MAGNIFIER,LUPA,LUPE,LUUP,MAGNIFYING GLASS,LUPA,LUPA,LOUPE,LENTE D'INGRANDIMENTO,虫メガネ,돋보기,LUPA,LUPA,ЛУПА,BÜYÜTEÇ,ЛУПА,放大镜,放大鏡
<!MissingKey:EXIT GAME>,SAIR DO JOGO,SPIEL BEENDEN,LAHKU MÄNGUST,EXIT GAME,SALIR DEL JUEGO,SALIR DEL JUEGO,QUITTER LE JEU,ESCI DAL GIOCO,ゲーム退出,게임 나가기,WYJŚCIE Z GRY,SAIR DO JOGO,ВЫЙТИ ИЗ ИГРЫ,OYUNDAN ÇIK,ВИЙТИ З ГРИ,退出游戏,退出遊戲
IMPAIR,PODE PREJUDICAR A SUA CAPACIDADE DE CONDUZIR,KANN DEINE FAHRTÜCHTIGKEIT BEEINTRÄCHTIGEN,VÕIB KAHJUSTADA TEIE JUHTIMISVÕIMET,MAY IMPAIR YOUR ABILITY TO DRIVE,PUEDE AFECTAR A TU CAPACIDAD PARA CONDUCIR,PUEDE AFECTAR A TU CAPACIDAD PARA CONDUCIR,PEUT AFFECTER VOTRE CAPACITÉ À CONDUIRE,POTREBBE COMPROMETTERE LA TUA CAPACITÀ DI GUIDA,運転能力を損なうおそれ,운전 능력에 영향을 줄 수 있습니다,MOŻE WPŁYNĄĆ NA ZDOLNOŚĆ PROWADZENIA POJAZDU,PODE PREJUDICAR A TUA CAPACIDADE DE CONDUZIR,МОЖЕТ ПОВЛИЯТЬ НА СПОСОБНОСТЬ К ВОЖДЕНИЮ,ARAÇ KULLANMA YETENEĞİNİZİ OLUMSUZ ETKİLEYEBİLİR,МОЖЕ ВПЛИНУТИ НА ЗДАТНІСТЬ ДО ВОДІННЯ,服药后请勿驾车,服藥後請勿駕車
INTERACT WITH,INTERAJA COM,INTERAGIEREN MIT,MÕJUTA KASUTADES,INTERACT WITH,INTERACTUAR,INTERACTÚA CON,INTERAGIR AVEC,INTERAGISCI CON,インタラクト,상호작용,"DZIAŁAJ, UŻYWAJĄC",INTERAJA COM,ВЗАИМОДЕЙСТВОВАТЬ,ŞUNUNLA KULLAN,ВЗАЄМОДІЯТИ:,互动,互動
RETURN,VOLTAR,ZURÜCK,TAGASI,RETURN,,VOLVER,REVENIR,TORNA INDIETRO,戻る,돌아가기,WRÓĆ,VOLTAR,НАЗАД,GERİ DÖN,НАЗАД,返回,返回
YOU,VOCÊ,DU,SINA,YOU,TÚ,TÚ,VOUS,TU,自分,나,TY,TU,ВЫ,SEN,ВИ,你,你
ROUNDS BEAT,RODADAS SUPERADAS,RUNDEN GESCHAFFT,VOORE LÄBITUD .....,ROUNDS BEAT ........,RONDAS GANADAS ........,RONDAS SUPERADAS,MANCHES GAGNÉES,ROUND VINTI,勝利ラウンド数……,승리한 라운드 수,ZWYCIĘSKIE RUNDY,RONDAS SUPERADAS .......,ВЫИГРАНО РАУНДОВ .....,KAZANILAN TURLAR,ВИГРАНО РАУНДІВ,完成回合数,完成回合數
CIGS SMOKED,CIGARROS FUMADOS,ZIGARETTEN GERAUCHT,SUITSU TEHTUD .....,CIGARETTES SMOKED ..,CIGARRILLOS FUMADOS ...,CIGARRILLOS FUMADOS,CIGARETTES FUMÉES,SIGARETTE FUMATE,吸ったタバコ本数…,피운 담배 대수,WYPALONE PAPIEROSY,ML DE CERVEJA BEBIDOS ..,ВЫКУРЕНО СИГАРЕТ .....,SIGARALAR İÇİLDİ,ВИКУРЕНО ЦИГАРОК,吸掉的香烟,吸掉的香煙
NAVIGATE RIGHT,MOVER PARA A DIREITA,NACH RECHTS BEWEGEN,LIIGU PAREMALE,MOVE RIGHT,DERECHA,DERECHA,DROITE,VAI A DESTRA,右,오른쪽 이동,RUCH W PRAWO,MOVER PARA A DIREITA,ДВИЖЕНИЕ ВПРАВО,SAĞA GİT,ВПРАВО,向右移动,向右移動
CIGARETTE,MAÇO DE CIGARROS,ZIGARETTENSCHACHTEL,SUITSUPAKK,CIGARETTE PACK,PAQUETE DE CIGARRILLOS,PAQUETE DE CIGARRILLOS,PAQUET DE CIGARETTES,PACCO DI SIGARETTE,タバコ,담배,PACZKA PAPIEROSÓW,MAÇO DE CIGARROS,ПАЧКА СИГАРЕТ,SİGARA PAKETİ,ПАЧКА ЦИГАРОК,香烟,香煙
RESET KEYBINDS,RESTAURAR CONFIGURAÇÃO DE TECLAS,STEUERUNG ZURÜCKSETZEN,TAASKÄIVITA NUPPUDE SEADISTUS,RESET KEYBINDS,REINICIAR ATAJOS,REINICIAR CONTROLES ASIGNADOS,CONFIGURATION PAR DÉFAUT,RESETTA I COMANDI,キー割り当てリセット,키 설정 초기화,PRZYWRÓĆ PRZYPISANIA,RESTAURAR CONFIGURAÇÃO DE TECLAS,СБРОСИТЬ НАЗНАЧЕНИЕ КЛАВИШ,TUŞLARI SIFIRLA,СКИНУТИ ПРИЗНАЧЕННЯ КЛАВІШ,重置按键绑定,重設按鍵
SEQUENCE4,QUARTO CARTUCHO.,VIERTE PATRONE.,NELJAS PADRUN ...,FOURTH SHELL ...,CUARTO CARTUCHO ...,CUARTO CARTUCHO.,QUATRIÈME CARTOUCHE.,QUARTO PROIETTILE.,四発目……,네 번째 탄,CZWARTY NABÓJ.,QUARTO CARTUCHO ...,ЧЕТВЕРТЫЙ ПАТРОН ...,DÖRDÜNCÜ FİŞEK,ЧЕТВЕРТИЙ ПАТРОН.,第四发子弹,第四發子彈
SEQUENCE5,QUINTO CARTUCHO.,FÜNFTE PATRONE.,VIIES PADRUN ...,FIFTH SHELL ...,QUINTO CARTUCHO ...,QUINTO CARTUCHO.,CINQUIÈME CARTOUCHE.,QUINTO PROIETTILE.,五発目……,다섯 번째 탄,PIĄTY NABÓJ.,QUINTO CARTUCHO ...,ПЯТЫЙ ПАТРОН ...,BEŞİNCİ FİŞEK,П'ЯТИЙ ПАТРОН.,第五发子弹,第五發子彈
MAGNIFIER DESC,"VERIFIQUE O CARTUCHO ATUAL
NA CÂMARA DA ARMA.","ÜBERPRÜFE DIE AKTUELLE RUNDE
IN DER KAMMER.",KONTROLLI KESTAHEITEAVA.,"CHECK THE CURRENT ROUND
IN THE CHAMBER.","VES CUÁL ES EL CARTUCHO
QUE HAY EN LA RECÁMARA.","VES EL CARTUCHO
QUE HAY EN LA RECÁMARA.","VÉRIFIEZ LA CARTOUCHE QUI EST 
DANS LA CHAMBRE.","PUOI CONTROLLARE IL PROIETTILE
PRESENTE IN CANNA.",薬室の弾を確認,"현재 약실에 장전된 탄을
 확인합니다.","SPRAWDŹ NABÓJ ZAŁADOWANY
DO KOMORY.","VERIFICA O CARTUCHO ATUAL
NA CÂMARA DA ARMA.","ВЗГЛЯНИТЕ НА ТЕКУЩИЙ ПАТРОН
В ПАТРОННИКЕ.",ŞARJÖRDEKİ MEVCUT MERMİYİ KONTROL ET.,"ГЛЯНЬТЕ НА ПОТОЧНИЙ ПАТРОН
У НАБІЙНИКУ.","检查弹膛中
 当前的子弹","檢查彈膛中
 當前的子彈"
SEQUENCE6,SEXTO CARTUCHO.,SECHSTE PATRONE.,KUUES PADRUN ...,SIXTH SHELL ...,SEXTO CARTUCHO ...,SEXTO CARTUCHO.,SIXIÈME CARTOUCHE.,SESTO PROIETTILE.,六発目……,여섯 번째 탄,SZÓSTY NABÓJ.,SEXTO CARTUCHO ...,ШЕСТОЙ ПАТРОН ...,ALTINCI FİŞEK,ШОСТИЙ ПАТРОН.,第六发子弹,第六發子彈
PORTUGUESE_BRAZIL,PORTUGUÊS (BRAZIL),PORTUGUÊS (BRAZIL),PORTUGUÊS (BRAZIL),PORTUGUÊS (BRAZIL),PORTUGUÊS (BRAZIL),PORTUGUÊS (BRAZIL),PORTUGUÊS (BRAZIL),PORTUGUÊS (BRAZIL),PORTUGUÊS (BRAZIL),PORTUGUÊS (BRAZIL),PORTUGUÊS (BRAZIL),PORTUGUÊS (BRAZIL),PORTUGUÊS (BRAZIL),PORTUGUÊS (BRAZIL),PORTUGUÊS (BRAZIL),PORTUGUÊS (BRAZIL),PORTUGUÊS (BRAZIL)
SEQUENCE7,SÉTIMO CARTUCHO.,SIEBTE PATRONE.,SEITSMES PADRUN ...,SEVENTH SHELL ...,SÉPTIMO CARTUCHO ...,SÉPTIMO CARTUCHO.,SEPTIÈME CARTOUCHE.,SETTIMO PROIETTILE.,七発目……,일곱 번째 탄,SIÓDMY NABÓJ.,SÉTIMO CARTUCHO ...,СЕДЬМОЙ ПАТРОН ...,YEDİNCİ FİŞEK,СЬОМИЙ ПАТРОН.,第七发子弹,第七發子彈
MAIN CREDITS,"PROGRAMAÇÃO, ARTE E TRILHA SONORA DE MIKE KLUBNIKA
INSPIRADO NO TRABALHO DE DANIEL MULLINS

""BLOODSPLATTER FX PACK"" DE MIA ROSADO
LICENCIADO SOB CREATIVE COMMONS
COM A LICENÇA DE ATRIBUIÇÃO 4.0

TESTADO POR NICK, POPSTONIA,
EKU E PATTHEHYRULER

OBRIGADO POR JOGAR!","CODE, GRAFIK UND SOUNDTRACK VON MIKE KLUBNIKA
INSPIRIERT VON DER ARBEIT VON DANIEL MULLINS

„BLOODSPLATTER FX PACK“ VON MIA ROSADO
IST LIZENZIERT UNTER EINEM CREATIVE COMMONS
ATTRIBUTION 4.0 LIZENZVERTRAG

GETESTET VON NICK, POPSTONIA,
EKU UND PATTHEHYRULER

DANKE FÜRS SPIELEN!","KOODI, KUNSTI JA MUUSIKA LÕI MIKE KLUBNIKA
INSPIREERITUD DANIEL MULLINSI TÖÖDEST

MIA ROSADO ""BLOODSPLATTER FX PACK""
ON CREATIVE COMMONS ATTRIBUTION 4.0
LITSENTSI ALL.

PROOVISID NICK, POPSTONIA,
EKU JA PATTHEHYRULER

AITÄH, ET MÄNGISID!","CODE, ART AND SOUNDTRACK BY MIKE KLUBNIKA
INSPIRED BY THE WORK OF DANIEL MULLINS

""BLOODSPLATTER FX PACK"" BY MIA ROSADO
IS LICENSED UNDER A CREATIVE COMMONS
ATTRIBUTION 4.0 LICENSE

PLAYTESTED BY NICK, POPSTONIA,
EKU AND PATTHEHYRULER

THANK YOU FOR PLAYING!","CÓDIGO, ARTE Y BANDA SONORA DE MIKE KLUBNIKA
INSPIRADO EN EL TRABAJO DE DANIEL MULLINS

EL ""PAQUETE DE EFECTOS DE SALPICADURA DE SANGRE"" DE MIA ROSADO
ESTÁ AUTORIZADO SEGÚN LA LICENCIA DE ATRIBUCIÓN 4.0
DE CREATIVE COMMONS

JUEGO PROBADO POR NICK, POPSTONIA,
EKU Y PATTHEHYRULER

¡GRACIAS POR JUGAR!","CÓDIGO, ARTE Y BANDA SONORA DE MIKE KLUBNIKA
INSPIRADO EN EL TRABAJO DE DANIEL MULLINS

EL ""BLOODSPLATTER FX PACK"" DE MIA ROSADO
ESTÁ AUTORIZADO SEGÚN LICENCIA DE ATRIBUCIÓN 4.0
DE CREATIVE COMMONS

JUEGO PROBADO POR NICK, POPSTONIA,
EKU Y PATTHEHYRULER

¡GRACIAS POR JUGAR!","CODE, ART ET BANDE ORIGINALE DE MIKE KLUBNIKA
INSPIRÉ PAR L'ŒUVRE DE DANIEL MULLINS

LE « BLOODSPLATTER FX PACK » DE MIA ROSADO
EST SOUS LICENCE CREATIVE COMMONS
ATTRIBUTION 4.0

JEU TESTÉ PAR NICK, POPSTONIA,
EKU ET PATTHEHYRULER

MERCI D'AVOIR JOUÉ !","PROGRAMMAZIONE, SVILUPPO ARTISTICO E COLONNA SONORA DI MIKE KLUBNIKA
ISPIRATO AL LAVORO DI DANIEL MULLINS

IL ""BLOODSPLATTER FX PACK"" DI MIA ROSADO
È REGISTRATO IN LICENZA DI ATTRIBUZIONE 4.0 CREATIVE COMMONS


TESTATO DA NICK, POPSTONIA,
EKU E PATTHEHYRULER

GRAZIE PER AVER GIOCATO!","コード、アート、サウンドトラックはMIKE KLUBNIKAが
 DANIEL MULLINSの作品から着想を得て製作しました
 
 MIA ROSADO作の「BLOODSPLATTER FX PACK」 
 にはクリエイティブ・コモンズ ライセンスが適用されています
 ライセンスの表記4.0
 
 ゲームテスター：NICK、POPSTONIA,
 EKU、PATTHEHYRULER
 
 このゲームで遊んでくださりありがとうございます！","코드, 아트 및 사운드트랙 MIKE KLUBNIKA
 DANIEL MULLINS의 작업에 영감을 받음
 
 ""BLOODSPLATTER FX PACK"" BY MIA ROSADO
 IS LICENSED UNDER A CREATIVE COMMONS
 ATTRIBUTION 4.0 LICENSE
 
 플레이테스터 NICK, POPSTONIA,
 EKU, PATTHEHYRULER
 
 플레이해 주셔서 감사합니다!","KOD, GRAFIKA I ŚCIEŻKA DŹWIĘKOWA: MIKE KLUBNIKA
GRA INSPIROWANA DZIEŁEM DANIELA MULLINSA

„PAKIET EFEKTÓW BLOODSPATTER”: MIA ROSADO
GRA OBJĘTA LICENCJĄ CREATIVE COMMONS
ATTRIBUTION 4.0

TESTY: NICK, POPSTONIA,
EKU ORAZ PATTHEHYRULER

DZIĘKUJEMY ZA GRĘ!","PROGRAMAÇÃO, ARTE E BANDA SONORA DE MIKE KLUBNIKA
INSPIRADO NO TRABALHO DE DANIEL MULLINS

""BLOODSPLATTER FX PACK"" DE MIA ROSADO
LICENCIADO SOB CREATIVE COMMONS
COM A LICENÇA DE ATRIBUIÇÃO 4.0

TESTADO POR NICK, POPSTONIA,
EKU E PATTHEHYRULER

OBRIGADO POR JOGAR!","КОД, ГРАФИКА И САУНДТРЕК: MIKE KLUBNIKA
ВДОХНОВЛЕНО РАБОТАМИ DANIEL MULLINS

""BLOODSPLATTER FX PACK"" ОТ MIA ROSADO
РАСПРОСТРАНЯЕТСЯ ПО ЛИЦЕНЗИИ
CREATIVE COMMONS ATTRIBUTION 4.0

ТЕСТИРОВАНИЕ ИГРЫ: NICK, POPSTONIA,
EKU И PATTHEHYRULER

СПАСИБО ЗА ИГРУ!","KOD, SANAT VE MÜZİK: MIKE KLUBNIKA
DANIEL MULLINS'İN ÇALIŞMALARINDAN ESİNLENİLMİŞTİR

""BLOODSPLATTER FX PACK"" MIA ROSADO TARAFINDAN
CREATIVE COMMONS KAPSAMINDA LİSANSLANMIŞTIR
KAYNAK 4.0 LİSANSI

OYUN TESTİ: NICK, POPSTONIA,
EKU VE PATTHEHYRULER

OYNADIĞINIZ İÇİN TEŞEKKÜRLER!","КОД, ГРАФІКА Й САУНДТРЕК: MIKE KLUBNIKA
НАТХНЕНО РОБОТАМИ DANIEL MULLINS

BLOODSPLATTER FX PACK ВІД MIA ROSADO
ПОШИРЮЄТЬСЯ ПО ЛІЦЕНЗІЇ
CREATIVE COMMONS ATTRIBUTION 4.0

ТЕСТУВАННЯ ГРИ: NICK, POPSTONIA,
EKU І PATTHEHYRULER

ДЯКУЄМО, ЩО ГРАЄТЕ!","代码、美术和配乐由 MIKE KLUBNIKA 创作
 灵感来自 DANIEL MULLINS 的作品
 
 “BLOODSPLATTER FX PACK”作者为 MIA ROSADO
 采用创作共用协议许可
 ATTRIBUTION 4.0 授权
 
 测试：NICK、POPSTONIA、
 EKU 与 PATTHEHYRULER
 
 感谢游玩！","代碼、美術和配樂由 MIKE KLUBNIKA 創作
 靈感來自 DANIEL MULLINS 的作品
 
「BLOODSPLATTER FX PACK」作者為 MIA ROSADO
 採用創作共用協議許可
 ATTRIBUTION 4.0 授權
 
 測試：NICK、POPSTONIA、
 EKU 與 PATTHEHYRULER
 
 感謝遊玩！"
SEQUENCE2,SEGUNDO CARTUCHO.,ZWEITE PATRONE,TEINE PADRUN ...,SECOND SHELL ...,SEGUNDO CARTUCHO ...,SEGUNDO CARTUCHO,DEUXIÈME CARTOUCHE.,SECONDO PROIETTILE.,二発目……,두 번째 탄,DRUGI NABÓJ,SEGUNDO CARTUCHO ...,ВТОРОЙ ПАТРОН ...,İKİNCİ FİŞEK,ДРУГИЙ ПАТРОН.,第二发子弹,第二發子彈
<!MissingKey:IS ALREADY ASSIGNED TO %s. DO YOU WISH TO OVERWRITE THE ACTION?>,JÁ ESTÁ ATRIBUÍDO A %s. DESEJA SUBSTITUIR A AÇÃO?,IST BEREITS %s ZUGEWIESEN. MÖCHTEST DU DIE AKTION ÜBERSCHREIBEN?,ON JUBA SEADISTATUD %s NUPULE. KAS SOOVID ÜLEKIRJUTADA?,IS ALREADY ASSIGNED TO %s. DO YOU WISH TO OVERWRITE THE ACTION?,YA ESTÁ ASIGNADO A %S. ¿QUIERES REASIGNAR ESTA ACCIÓN?,YA ESTÁ ASIGNADO A %s. ¿QUIERES REASIGNAR ESTA ACCIÓN?,"EST DÉJÀ ATTRIBUÉ À %s. 
SOUHAITEZ-VOUS REMPLACER L'ACTION ?",TASTO GIÀ ASSEGNATO ALL'AZIONE %s. VUOI SOVRASCRIVERE L'AZIONE?,すでに%sに割り当てられています操作キーを上書きしますか？,이미 %s에 배정되어 있습니다. 액션을 덮어쓰기 할까요?,JUŻ JEST PRZYPISANE DO %s. CHCESZ ZASTĄPIĆ PRZYPISANIE?,JÁ ESTÁ ATRIBUÍDO A %s. DESEJA SUBSTITUIR A AÇÃO?,— УЖЕ НАЗНАЧЕНО: %s. ИЗМЕНИТЬ ЭТО ДЕЙСТВИЕ?,ZATEN %s TUŞUNA ATANMIŞ. BU EYLEMİN ÜZERİNE ATAMAK İSTİYOR MUSUNUZ?,— УЖЕ ПРИЗНАЧЕНО: %s. ЗМІНИТИ ЦЮ ДІЮ?,已分配给 %s是否要覆盖该操作？,已分配給 %s是否要覆蓋該操作？
SEQUENCE3,TERCEIRO CARTUCHO.,DRITTE PATRONE.,KOLMAS PADRUN ...,THIRD SHELL ...,TERCER CARTUCHO ...,TERCER CARTUCHO.,TROISIÈME CARTOUCHE.,TERZO PROIETTILE.,三発目……,세 번째 탄,TRZECI NABÓJ.,TERCEIRO CARTUCHO ...,ТРЕТИЙ ПАТРОН ...,ÜÇÜNCÜ FİŞEK,ТРЕТІЙ ПАТРОН.,第三发子弹,第三發子彈
NAVIGATE UP,MOVER PARA CIMA,NACH OBEN BEWEGEN,LIIGU ÜLES,MOVE UP,ARRIBA,ARRIBA,HAUT,VAI SOPRA,上,위로 이동,RUCH W GÓRĘ,MOVER PARA CIMA,ДВИЖЕНИЕ ВВЕРХ,YUKARI GİT,ВГОРУ,向上移动,向上移動
SHOTGUN DESC,"ATIRAR EM SI MESMO COM UMA MUNIÇÃO DE FESTIM
FAZ COM QUE O DEALER PERCA O PRÓXIMO TURNO.","DICH MIT EINER PLATZPATRONE ANZUSCHIESSEN,
ÜBERSPRINGT DEN ZUG DES GEBERS.","ENDA TULISTAMINE TÜHJAGA
JÄTAB DIILERI KÄIGU VAHELE.","SHOOTING YOURSELF WITH A BLANK
SKIPS THE DEALER'S TURN.","DISPARARTE CON UNA BALA DE FOGUEO
HACE QUE EL REPARTIDOR SE SALTE SU TURNO.","DISPARARTE CON UNA BALA DE FOGUEO
HACE QUE EL REPARTIDOR PIERDA SU TURNO.","SI VOUS VOUS TIREZ UNE CARTOUCHE INERTE DESSUS,
LE DONNEUR PASSE SON TOUR.","SPARANDOTI CON UN PROIETTILE A SALVE,
IL TURNO DEL BANCO  SALTERÀ.","自分へ撃って空包なら
ディーラーのターンをスキップ","공포탄으로 나를 쏘면
 딜러의 턴을 건너뜁니다.","POSTRZELENIE SIĘ ŚLEPYM NABOJEM POWODUJE
OPUSZCZENIE KOLEJKI PRZEZ KRUPIERA.","DISPARA CONTRA TI MESMO COM UMA MUNIÇÃO SEM BALA E 
EVITA O TURNO DO DEALER.","ДИЛЕР ПРОПУСТИТ ХОД, ЕСЛИ ВЫ 
ВЫСТРЕЛИТЕ В СЕБЯ ХОЛОСТЫМ","KENDİNİ BOŞ BİR SİLAHLA VURMAK
KURPİYERİN SIRASINI ATLAR.","ЯКЩО ВИСТРІЛИТИ В СЕБЕ ХОЛОСТИМ ПАТРОНОМ, КРУП'Є ПРОПУСТИТЬ ХІД.","用空包弹射击自己
会使庄家此回合无法行动","用空包彈射擊自己
會使莊家此回合無法行動"
FRENCH,FRANÇAIS,FRANÇAIS,FRANÇAIS,FRANÇAIS,FRANÇAIS,FRANÇAIS,FRANÇAIS,FRANÇAIS,FRANÇAIS,FRANÇAIS,FRANÇAIS,FRANÇAIS,FRANÇAIS,FRANÇAIS,FRANÇAIS,FRANÇAIS,FRANÇAIS
ITALIAN,ITALIANO,ITALIANO,ITALIANO,ITALIANO,ITALIANO,ITALIANO,ITALIANO,ITALIANO,ITALIANO,ITALIANO,ITALIANO,ITALIANO,ITALIANO,ITALIANO,ITALIANO,ITALIANO,ITALIANO
HOLD TO EXIT,MANTENHA %s PRESSIONADO PARA SAIR...,HALTE %s ZUM VERLASSEN ...,"HOIA '%s' NUPPU, ET LAHKUDA ...",HOLD '%s' TO EXIT ...,MANTÉN PULSADO '%s' PARA SALIR...,MANTÉN PULSADO %s PARA SALIR...,MAINTENEZ %s APPUYÉ POUR QUITTER...,PREMI %s PER USCIRE...,%s長押しで退出……,%s 길게 눌러 나가기...,"PRZYTRZYMAJ %s, ABY WYJŚĆ...",MANTENHA '%s' PRESSIONADO PARA SAIR...,"УДЕРЖИВАЙТЕ '%s', ЧТОБЫ ВЫЙТИ ...",ÇIKMAK İÇİN %s TUŞUNA BASILI TUTUN ...,"УТРИМУЙТЕ %s, ЩОБ ВИЙТИ…",长按 %s 退出……,長按 %s 退出……
TURKISH,TÜRKÇE,TÜRKÇE,TÜRKÇE,TÜRKÇE,TÜRKÇE,TÜRKÇE,TÜRKÇE,TÜRKÇE,TÜRKÇE,TÜRKÇE,TÜRKÇE,TÜRKÇE,TÜRKÇE,TÜRKÇE,TÜRKÇE,TÜRKÇE,TÜRKÇE
SPANISH,ESPAÑOL,ESPAÑOL,ESPAÑOL,ESPAÑOL,ESPAÑOL,ESPAÑOL,ESPAÑOL,ESPAÑOL,ESPAÑOL,ESPAÑOL,ESPAÑOL,ESPAÑOL,ESPAÑOL,ESPAÑOL,ESPAÑOL,ESPAÑOL,ESPAÑOL
CREDITS,CRÉDITOS,CREDITS,TEGIJAD,CREDITS,CRÉDITOS,CRÉDITOS,CRÉDITS,TITOLI DI CODA,クレジット,제작진,TWÓRCY GRY,CRÉDITOS,СОЗДАТЕЛИ,KÜNYE,АВТОРИ,开发团队,製作群
FINAL SHOW1,"POR FIM, CHEGAMOS
AO DUELO FINAL.","ENDLICH KOMMEN WIR
ZUM FINALEN SHOWDOWN.","LÕPUKS OMETI, JÕUAME
VIIMASELE VOORULE.","LONG LAST, WE ARRIVE
AT THE FINAL SHOWDOWN.","POR FIN, LLEGAMOS AL
DUELO FINAL.","POR FIN, LLEGAMOS AL
DUELO FINAL.","ON ARRIVE ENFIN AU MOMENT 
DE VÉRITÉ","FINALMENTE, ECCOCI
ALLO SCONTRO FINALE.","ついに
最終決戦の時だ","드디어 마지막 승부를
 겨룰 때가 왔군.","W KOŃCU DOCIERAMY
DO OSTATECZNEGO STARCIA.","AFINAL, CHEGAMOS
NO DUELO FINAL.",ЧТО Ж... ВОТ И ПОДОШЛО ВРЕМЯ ФИНАЛЬНОЙ ДУЭЛИ.,"SON ÇATIŞMAYA VARDIK
UZUN SÜRE SONUNDA",НАРЕШТІ МИ ПОЧИНАЄМО,"终于，我们来到了
 最终的决战","終於，我們來到了
 最終的決戰"
FINAL SHOW2,"CHEGA DE DESFIBRILADORES.
CHEGA DE TRANSFUSÕES DE SANGUE.","KEINE DEFIBRILLATOREN MEHR.
KEINE BLUTTRANSFUSIONEN MEHR.","EI MINGEID MASINAID,
EI MINGIT VEREPUMPAMIST.","NO MORE DEFIBRILLATORS.
NO MORE BLOOD TRANSFUSIONS.","SE ACABARON LOS DESFIBRILADORES.
SE ACABARON LAS TRANSFUSIONES DE SANGRE.","SE ACABARON LOS DESFIBRILADORES.
SE ACABARON LAS TRANSFUSIONES DE SANGRE.","FINIS LES DÉFIBRILLATEURS.
FINIES LES TRANSFUSIONS SANGUINES.","BASTA COI DEFIBRILLATORI
E LE TRASFUSIONI DI SANGUE.","除細動器なし
輸血もなしだ","제세동기도 없고
 수혈도 금지야.","ŻADNYCH DEFIBRYLATORÓW.
ŻADNYCH TRANSFUZJI.","CHEGA DE DESFIBRILADORES.
CHEGA DE TRANSFUSÕES DE SANGUE.","БОЛЬШЕ НИКАКИХ ДЕФИБРИЛЛЯТОРОВ.
НИКАКИХ ПЕРЕЛИВАНИЙ КРОВИ.","ARTIK DEFİBRİLATÖR YOK.
KAN NAKİLLERİ YOK.","ЖОДНИХ ДЕФІБРИЛЯТОРІВ.
ЖОДНИХ ПЕРЕЛИВАНЬ КРОВІ.","不再有心脏除颤器，
也没有输血","不再有心臟除顫器，
 也沒有輸血"
FINAL SHOW3,"AGORA, EU E VOCÊ ESTAMOS DANÇANDO
ENTRE A VIDA E A MORTE.","ICH UND DU, WIR TANZEN JETZT
AM RANDE VON LEBEN UND TOD.","NÜÜD, MINA JA SINA, ME TANTSIME
ELU JA SURMA ÄÄRE PEAL.","NOW, ME AND YOU, WE ARE DANCING
ON THE EDGE OF LIFE AND DEATH.","AHORA, TÚ Y YO BAILAREMOS
AL BORDE DE LA VIDA Y LA MUERTE.","AHORA, TÚ Y YO BAILAREMOS
AL BORDE DE LA VIDA Y LA MUERTE.","MAINTENANT, TOI ET MOI, ON VA DANSER
ENTRE LA VIE ET LA MORT.","SIAMO SOLO IO E TE, PRONTI A DANZARE
A METÀ TRA LA VITA E LA MORTE.","さあ共に
生死の狭間で踊ろうか","너랑 나, 나랑 너 둘이서
 삶과 죽음의 경계에서 춤추는 거지.","TERAZ TY I JA TAŃCZYMY
NA KRAWĘDZI ŻYCIA I ŚMIERCI.","AGORA, EU E TU, ESTAMOS A
DANÇAR ENTRE A VIDA E A MORTE.","ТОЛЬКО ТЫ И Я. И НАШ ПОСЛЕДНИЙ ТАНЕЦ 
НА ГРАНИ ЖИЗНИ И СМЕРТИ.","ŞİMDİ, SEN VE BEN, DANS EDİYORUZ
YAŞAM VE ÖLÜMÜN KIYISINDA.","ЦЕ НАШ ОСТАННІЙ ТАНЕЦЬ
НА КРАЮ ЖИТТЯ І СМЕРТІ.","现在，你我二人在
 生与死的边缘起舞","現在，你我二人在
 生與死的邊緣起舞"
ARE YOU READY,TUDO PRONTO?,BIST DU BEREIT?,OLED VALMIS?,ARE YOU READY?,¿TODO LISTO?,¿TODO LISTO?,C'EST PARTI ?,INIZIAMO?,覚悟はいいか？,준비 됐나?,CZY JESTEŚ GOTÓW?,PRONTO?,ГОТОВ?,HAZIR MISIN?,ПОЧНЕМО?,准备好了吗？,準備好了嗎？
SHELLS EJECTED,CARTUCHOS EJETADOS,PATRONEN AUSGEWORFEN,HÜLSSE HEIDETUD ...,SHELLS EJECTED .....,CARTUCHOS EXPULSADOS ..,CARTUCHOS EXPULSADOS,CARTOUCHES ÉJECTÉES,PROIETTILI ESPULSI,排莢数………………,탄피 배출 수,WYRZUCONE NABOJE,CARTUCHOS EJETADOS .....,ИЗВЛЕЧЕНО ПАТРОНОВ ...,FİŞEKLER ÇIKARILDI,ВИЙНЯТО ПАТРОНІВ,弹出的子弹,彈出的子彈
JAPANESE,日本語,日本語,日本語,日本語,日本語,日本語,日本語,日本語,日本語,日本語,日本語,日本語,日本語,日本語,日本語,日本語,日本語
MORE ITEMS,"MAIS ITENS ANTES DE
CADA RECARGA DA ARMA.","MEHR GEGENSTÄNDE VOR
JEDER LADUNG.","ROHKEM ASJU
ENNE IGAT LAADIMIST.","MORE ITEMS BEFORE
EVERY LOAD.","MÁS OBJETOS ANTES
DE CADA RECARGA.","MÁS OBJETOS ANTES
DE CADA RECARGA.","PLUS D'OBJETS AVANT
CHAQUE RECHARGE.","PIÙ OGGETTI PRIMA
DI OGNI RICARICA DELL'ARMA.",装弾のたびに道具追加,"장전하기 전에
 더 많은 아이템을 주지.","WIĘCEJ PRZEDMIOTÓW
PRZED KAŻDYM ŁADOWANIEM.","MAIS ITENS ANTES
CADA RECARGA.","БОЛЬШЕ ПРЕДМЕТОВ 
ПЕРЕД КАЖДЫМ РАУНДОМ.",HER DOLUM ÖNCESİNDE DAHA FAZLA ÖĞE.,"ДОДАТКОВІ ПРЕДМЕТИ ПЕРЕД 
КОЖНИМ ЗАРЯДЖАННЯМ.","每次装弹之前都可
获得更多道具","每次裝彈之前都可
獲得更多道具"
ATTRIBUTION SPECIAL THANKS,"AGRADECIMENTOS ESPECIAIS

Hürcan ‘horrorvisuals’ Köse
Turtle Pals Tapes
1jem - OpenGL suporte
nicolith","SPECIALE DANKBETUIGINGEN

Hürcan ‘horrorvisuals’ Köse
Turtle Pals Tapes
1jem - OpenGL unterstützung
nicolith","ERILINE TÄNU

Hürcan ‘horrorvisuals’ Köse
Turtle Pals Tapes
1jem - OpenGL implementatsioon
nicolith","SPECIAL THANKS

Hürcan ‘horrorvisuals’ Köse
Turtle Pals Tapes
1jem - OpenGL support
nicolith","AGRADECIMIENTOS ESPECIALES

Hürcan ‘horrorvisuals’ Köse
Turtle Pals Tapes
1jem - OpenGL apoyo
nicolith","AGRADECIMIENTOS ESPECIALES

Hürcan ‘horrorvisuals’ Köse
Turtle Pals Tapes
1jem - OpenGL soporte
nicolith","REMERCIEMENTS PARTICULIERS

Hürcan ‘horrorvisuals’ Köse
Turtle Pals Tapes
1jem - OpenGL soutien
nicolith","RINGRAZIAMENTI SPECIALI

Hürcan ‘horrorvisuals’ Köse
Turtle Pals Tapes
1jem - OpenGL supporto
nicolith","スペシャルサンクス

Hürcan ‘horrorvisuals’ Köse
Turtle Pals Tapes
1jem - OpenGL support
nicolith","특별 감사

Hürcan ‘horrorvisuals’ Köse
Turtle Pals Tapes
1jem - OpenGL 지원
nicolith","SPECJALNE PODZIĘKOWANIA

Hürcan ‘horrorvisuals’ Köse
Turtle Pals Tapes
1jem - OpenGL wsparcie
nicolith","AGRADECIMENTOS ESPECIAIS

Hürcan ‘horrorvisuals’ Köse
Turtle Pals Tapes
1jem - OpenGL suporte
nicolith","ОСОБАЯ БЛАГОДАРНОСТЬ

Hürcan ‘horrorvisuals’ Köse
Turtle Pals Tapes
1jem - OpenGL помощь
nicolith","ÖZEL TEŞEKKÜRLER

Hürcan ‘horrorvisuals’ Köse
Turtle Pals Tapes
1jem - OpenGL destek
nicolith","ОКРЕМА ПОДЯКА

Hürcan ‘horrorvisuals’ Köse
Turtle Pals Tapes
OpenGL підтримка 1jem 
nicolith","特别感谢

Hürcan ‘horrorvisuals’ Köse
Turtle Pals Tapes
1jem - OpenGL 支持
nicolith","特別鳴謝

Hürcan ‘horrorvisuals’ Köse
Turtle Pals Tapes
1jem - OpenGL 支援
nicolith"
NAVIGATE DOWN,MOVER PARA BAIXO,NACH UNTEN BEWEGEN,LIIGU ALLA,MOVE DOWN,ABAJO,ABAJO,BAS,VAI SOTTO,下,아래로 이동,RUCH W DÓŁ,MOVER PARA BAIXO,ДВИЖЕНИЕ ВНИЗ,AŞAĞI GİT,ВНИЗ,向下移动,向下移動
SHELL INSERT2,"ELES ENTRAM NA CÂMARA DA ARMA
EM UMA SEQUÊNCIA DESCONHECIDA.","SIE GEHEN IN VERBORGENER
REIHENFOLGE IN DIE KAMMER.","NAD SISENEVAD RELVA
PEIDETUD JADAS.","THEY ENTER THE CHAMBER
IN A HIDDEN SEQUENCE.","SU DISPOSICIÓN EN LA RECÁMARA
PERMANECE OCULTA.","SU DISPOSICIÓN EN LA RECÁMARA
PERMANECE OCULTA.","LA SÉQUENCE D'ENTRÉE DANS
LA CHAMBRE EST DISSIMULÉE.","ENTRANO IN CANNA
IN SEQUENZA NASCOSTA.",薬室への装填順は不明,"탄은 비밀리에
 약실로 들어가지.","SĄ ŁADOWANE DO KOMORY
W UKRYTEJ SEKWENCJI.","ENTRAM NA CÂMARA DA ARMA
NUMA SEQUÊNCIA OCULTA.","ОНИ ПОПАДАЮТ В ПАТРОННИК
В СКРЫТОЙ ПОСЛЕДОВАТЕЛЬНОСТИ.",BİLİNMEYEN BİR SIRAYLA ŞARJÖRE YERLEŞTİRİLİR.,"ВОНИ ПОТРАПЛЯЮТЬ У НАБІЙНИК 
У НЕВІДОМІЙ ПОСЛІДОВНОСТІ.","谁都不知道子弹
上膛的次序","誰都不知道子彈
上膛的次序"
SHOTGUN,ESPINGARDA,SCHROTFLINTE,PUMPPÜSS,SHOTGUN,ESCOPETA,ESCOPETA,FUSIL,FUCILE,ショットガン,샷건,STRZELBA,ESPINGARDA,ДРОБОВИК,POMPALI TÜFEK,ДРОБОВИК,霰弹枪,霰彈槍
HANDCUFFS DESC,"O DEALER PERDE O
PRÓXIMO TURNO.","GEBER ÜBERSPRINGT DEN
NÄCHSTEN ZUG.","DIILER JÄTAB JÄRGMISE
KÄIGU VAHELE.","DEALER SKIPS THE
NEXT TURN.","EL REPARTIDOR SE SALTA
EL PRÓXIMO TURNO.","EL REPARTIDOR PIERDE
EL PRÓXIMO TURNO.","LE DONNEUR PASSE
LE TOUR SUIVANT.","IL BANCO SALTA
IL PROSSIMO TURNO.",ディーラーの次ターンをスキップ,"딜러가 다음 턴을
 건너뜁니다.","KRUPIER OPUSZCZA
KOLEJNĄ KOLEJKĘ.","O DEALER EVITA O
PRÓXIMO TURNO.","ДИЛЕР ПРОПУСКАЕИТ 
СЛЕДУЮЩИЙ ХОД",KURPİYER BİR SONRAKİ TURU PAS GEÇER,"КРУП'Є ПРОПУСКАЄ
НАСТУПНИЙ ХІД.","庄家下一回合
无法行动","莊家下一回合
無法行動"
DOORS KICKED,PORTAS CHUTADAS,TÜREN EINGETRETEN,UKSI LÖÖDUD .......,DOORS KICKED .......,PUERTAS ABIERTAS ......,PUERTAS ABIERTAS,PORTES ENFONCÉES,PORTE CALCIATE,蹴り開けたドア数…,걷어찬 문의 갯수,KOPNIĘTE DRZWI,PORTAS CHUTADAS ........,ВЫЛОМЛЕНО ДВЕРЕЙ ....,KAPILAR TEKMELENDİ,ВИЛАМАНО ДВЕРЕЙ,踢开的门,踢開的門
SHELL INSERT1,"EU INSIRO OS CARTUCHOS
DE FORMA ALEATÓRIA.","ICH LEGE DIE PATRONEN
IN UNBEKANNTER REIHENFOLGE EIN.","MA SISESTAN PADRUNID
TUNDMATUS JÄRJEKORRAS.","I INSERT THE SHELLS
IN AN UNKNOWN ORDER.","INSERTO LOS CARTUCHOS
EN UN ORDEN DESCONOCIDO.","INSERTO LOS CARTUCHOS
DE MANERA ALEATORIA.","J'INSÈRE LES CARTOUCHES
DANS UN ORDRE ALÉATOIRE.","INSERISCO I PROIETTILI
IN MANIERA CASUALE.",弾を不規則に装弾する,"탄은 내가 넣지
 순서는 아무도 몰라.","UMIESZCZAM NABOJE
W NIEZNANEJ KOLEJNOŚCI.","EU INSIRO OS CARTUCHOS
NUMA ORDEM DESCONHECIDA.","Я ВСТАВЛЯЮ ПАТРОНЫ
В СЛУЧАЙНОМ ПОРЯДКЕ.",FİŞEKLERİ BİLİNMEYEN BİR SIRAYLA YERLEŞTİRİYORUM.,"Я ЗАРЯДЖАЮ ПАТРОНИ 
У НЕВІДОМОМУ ПОРЯДКУ.","我按随机顺序
装入了子弹","我按隨機順序
裝入了子彈"
NAVIGATE LEFT,MOVER PARA A ESQUERDA,NACH LINKS BEWEGEN,LIIGU VASAKULE,MOVE LEFT,IZQUIERDA,IZQUIERDA,GAUCHE,VAI A SINISTRA,左,왼쪽 이동,RUCH W LEWO,MOVER PARA A ESQUERDA,ДВИЖЕНИЕ ВЛЕВО,SOLA GİT,ВЛІВО,向左移动,向左移動
TOTAL CASH,TOTAL DE DINHEIRO:,GESAMTGELD:,RAHA:,TOTAL CASH:,TOTAL DE EFECTIVO:,TOTAL DE EFECTIVO:,ARGENT TOTAL :,VINCITA TOTALE:,現金総額：,총 획득 캐시:,ŁĄCZNIE GOTÓWKA:,TOTAL DE DINHEIRO:,ВСЕГО ДЕНЕГ:,TOPLAM NAKİT:,ВИ ЗАРОБИЛИ:,现金总额：,現金總額：
OPTIONS,OPÇÕES,OPTIONEN,SEADED,OPTIONS,OPCIONES,OPCIONES,OPTIONS,OPZIONI,オプション,옵션,OPCJE,OPÇÕES,НАСТРОЙКИ,SEÇENEKLER,НАЛАШТУВАННЯ,选项,選項
BETTER NOT,PRESSIONE QUALQUER BOTÃO PARA SAIR,DRÜCKE EINE BELIEBIGE TASTE ZUM VERLASSEN,"LOODETAVASTI MA EI
NÄE SIND ROHKEM.","I BETTER NOT
SEE YOU AGAIN.","SERÁ MEJOR QUE
NO VUELVA A VERTE.",PULSA CUALQUIER BOTÓN PARA SALIR,APPUYER SUR UNE TOUCHE POUR QUITTER,PREMI QUALSIASI TASTO PER USCIRE,もう会いたくなかったよ,아무 버튼이나 눌러 시작,"NACIŚNIJ DOWOLNY PRZYCISK, ABY WYJŚĆ","É MELHOR EU NÃO
NUNCA MAIS TE VER.",НЕ ПОПАДАЙСЯ МНЕ БОЛЬШЕ НА ГЛАЗА,ÇIKMAK IÇIN HERHANGİ BİR TUŞA BASIN,НЕ ПОТРАПЛЯЙ МЕНІ БІЛЬШЕ НА ОЧІ.,按任意按钮退出,按任意按鈕退出
POLISH,POLSKI,POLSKI,POLSKI,POLSKI,POLSKI,POLSKI,POLSKI,POLSKI,POLSKI,POLSKI,POLSKI,POLSKI,POLSKI,POLSKI,POLSKI,POLSKI,POLSKI
WELCOME,BOAS-VINDAS NOVAMENTE.,WILLKOMMEN ZURÜCK.,TERETULEMAST TAGASI.,WELCOME BACK.,HOLA DE NUEVO.,HOLA DE NUEVO.,RAVI DE TE REVOIR.,TI DO NUOVAMENTE IL BENVENUTO.,戻ってきたな,돌아오셨군요.,WITAMY Z POWROTEM.,BOAS-VINDAS NOVAMENTE.,С ВОЗВРАЩЕНИЕМ.,HOŞGELDİNİZ.,З ПОВЕРНЕННЯМ!,欢迎回来,歡迎回來
CHINESE_TRADITIONAL,繁体中文 (TRADITIONAL),繁体中文 (TRADITIONAL),繁体中文 (TRADITIONAL),繁体中文 (TRADITIONAL),繁体中文 (TRADITIONAL),繁体中文 (TRADITIONAL),繁体中文 (TRADITIONAL),繁体中文 (TRADITIONAL),繁体中文 (TRADITIONAL),繁体中文 (TRADITIONAL),繁体中文 (TRADITIONAL),繁体中文 (TRADITIONAL),繁体中文 (TRADITIONAL),繁体中文 (TRADITIONAL),繁体中文 (TRADITIONAL),繁体中文 (TRADITIONAL),繁体中文 (TRADITIONAL)
DOUBLE_UNLOCK,DESBLOQUEOU "O DOBRO OU NADA" E "MANIPULAÇÃO DE APOSTAS",DOPPELT ODER NICHTS UND SPIELMANIPULATION FREIGESCHALTET,TOPELT VÕI MITTE MIDAGI JA KIHILVEDE MANIPULEERIMINE ON AVATUD,"DOUBLE OR NOTHING AND MATCH FIXING UNLOCKED",¡"DOBLE O NADA" Y "MANIPULACIÓN DE APESTAS" DESBLOQUEADOS!,¡"DOBLE O NADA" Y "MANIPULACIÓN DE APUESTAS" DESBLOQUEADOS!,« QUITTE OU DOUBLE » ET « TRUCAGE DE MATCH » DISPONIBLES!,"LASCIA O RADDOPPIA" E "MANIPOLAZIONE DELLE SCOMMESSE" SBLOCCATI,ダブルオアナッシングと八百長がアンロックされました,"더블 아니면 꽝"과 "승부 조작" 잠금 해제,"PODWÓJNA STAWKA ALBO NIC" I "MANIPULOWANIE ZAKŁADÓW" ODZBLOKOWANE,DESBLOQUEOU "O DOBRO OU NADA" E "MANIPULAÇÃO DE APOSTAS",ОТКРЫТЫ РЕЖИМЫ «ВСЕ ИЛИ НИЧЕГО» И «ДОГОВОРНЫЕ МАТЧИ»,"İKİ KATI MI YOKSA HİÇ Mİ" VE "ŞİKE MAÇI" KİLİTLERİ AÇILDI,ВІДКРИТО РЕЖИМИ «УДВІЧІ БІЛЬШЕ АБО НІЧОГО» ТА «ДОГОВІРНІ МАТЧІ»,“加倍还是放弃”和“操纵赌局”已解锁！,「加倍還是放棄」和「操縱賭局」已解鎖！
BEER,CERVEJA,BIER,ÕLU,BEER,CERVEZA,CERVEZA,BIÈRE,BIRRA,ビール,맥주,PIWO,CERVEJA,ПИВО,BİRA,ПИВО,啤酒,啤酒
PORTUGUESE_PORTUGAL,PORTUGUÊS (PORTUGAL),PORTUGUÊS (PORTUGAL),PORTUGUÊS (PORTUGAL),PORTUGUÊS (PORTUGAL),PORTUGUÊS (PORTUGAL),PORTUGUÊS (PORTUGAL),PORTUGUÊS (PORTUGAL),PORTUGUÊS (PORTUGAL),PORTUGUÊS (PORTUGAL),PORTUGUÊS (PORTUGAL),PORTUGUÊS (PORTUGAL),PORTUGUÊS (PORTUGAL),PORTUGUÊS (PORTUGAL),PORTUGUÊS (PORTUGAL),PORTUGUÊS (PORTUGAL),PORTUGUÊS (PORTUGAL),PORTUGUÊS (PORTUGAL)
THE NIGHT,A NOITE É UMA CRIANÇA.,DIE NACHT IST NOCH JUNG.,ÖÖ ON NOOR.,THE NIGHT IS YOUNG.,LA NOCHE ES JOVEN.,LA NOCHE ES JOVEN.,LA NUIT NE FAIT QUE COMMENCER.,LA NOTTE È GIOVANE.,夜はこれからだ,아직 밤은 이르다고.,NOC JEST JESZCZE MŁODA.,A NOITE É UMA CRIANÇA.,НОЧЬ ТОЛЬКО НАЧАЛАСЬ.,GECE DAHA YENİ BAŞLIYOR.,УСЯ НІЧ ПОПЕРЕДУ.,夜色尚早,夜色尚早
NO SPACE,SEM ESPAÇO.,KEIN PLATZ MEHR.,RUUMI POLE.,OUT OF SPACE.,NO TE QUEDA ESPACIO.,NO TE QUEDA ESPACIO.,PLUS DE PLACE.,SPAZIO INSUFFICIENTE.,空いてないぞ,공간이 없군.,BRAK MIEJSCA.,SEM ESPAÇO.,НЕТ МЕСТА.,YERİN KALMAMIŞ,НЕМАЄ МІСЦЯ.,空间不足,空間不足
LIVEROUNDS,%s MUNIÇÕES REAIS.,%s SCHARFE MUNITION.,%s TERAVAT.,%s LIVE ROUNDS.,%s BALAS CARGADAS.,%s BALAS CARGADAS.,%s CARTOUCHES RÉELLES.,%s PROIETTILI VERI.,実包 %s 発,%s 실탄이야.,%s OSTRE NABOJE.,%s MUNIÇÕES REAIS.,%s БОЕВЫХ.,%s GERÇEK FİŞEK,%s БОЙОВИХ.,%s 实弹,%s 實彈
PLAYERWIN,%s GANHOU!,%s GEWINNT!,%s VÕITIS!,%s WINS!,¡%s GANA!,¡%s GANA!,%s GAGNE !,VINCE %s!,%s勝利！,%s 승리!,%s WYGRYWA!,%s GANHOU!,%s ПОБЕЖДАЕТ!,%s GALİBİYET!,%s ПЕРЕМАГАЄ!,%s 获胜！,%s 獲勝！
ITEMS EACH,%s ITENS CADA.,%s GEGENSTÄNDE JEWEILS.,%s ASJA MÕLEMALE.,%s ITEMS EACH.,%s OBJETOS PARA LOS DOS.,%s OBJETOS CADA UNO.,%s OBJETS CHACUN.,%s UNITÀ DI OGGETTI CIASCUNO.,互いに道具 %s つ,%s 개씩 아이템을 받는 거야.,%s PRZEDMIOTY(ÓW) KAŻDY.,%s ITENS CADA.,%s ПРЕДМ. КАЖДОМУ.,%s HER BİRİNE VERİLEN ÖĞE.,%s ПРЕДМЕТИ КОЖНОМУ.,每人 %s 件道具,每人 %s 件道具
CHINESE_SIMPLIFIED,简体中文 (SIMPLIFIED),简体中文 (SIMPLIFIED),简体中文 (SIMPLIFIED),简体中文 (SIMPLIFIED),简体中文 (SIMPLIFIED),简体中文 (SIMPLIFIED),简体中文 (SIMPLIFIED),简体中文 (SIMPLIFIED),简体中文 (SIMPLIFIED),简体中文 (SIMPLIFIED),简体中文 (SIMPLIFIED),简体中文 (SIMPLIFIED),简体中文 (SIMPLIFIED),简体中文 (SIMPLIFIED),简体中文 (SIMPLIFIED),简体中文 (SIMPLIFIED),简体中文 (SIMPLIFIED)
DEALER,DEALER,GEBER,DIILER,DEALER,DEALER,REPARTIDOR,DONNEUR,BANCO,ディーラー,딜러,KRUPIER,DEALER,ДИЛЕР,KURPİYER,КРУПʼЄ,庄家,莊家
KOREAN,한국어,한국어,한국어,한국어,한국어,한국어,한국어,한국어,한국어,한국어,한국어,한국어,한국어,한국어,한국어,한국어,한국어
ML DRANK,ML DE CERVEJA BEBIDOS,ML BIER GETRUNKEN,ML ÕLU JOODUD .....,ML OF BEER DRANK ...,ML DE CERVEZA BEBIDOS .,ML DE CERVEZA BEBIDOS,ML DE BIÈRE BUS,ML DI BIRRA BEVUTI,飲酒量（ＭＬ）……,마신 맥주의 양,ML WYPITEGO PIWA,ML DE CERVEJA BEBIDOS ..,ВЫПИТО ПИВА В МЛ ....,ML BİRA İÇİLDİ,"ВИПИТО ПИВА, МЛ",喝掉的啤酒毫升数,喝掉的啤酒毫升數
DEAD,VOCÊ MORREU,DU BIST TOT,SA OLED SURNUD,YOU ARE DEAD,HAS MUERTO,HAS MUERTO,VOUS AVEZ PÉRI,SEI MORTO,死亡,사망,NIE ŻYJESZ,MORREU,ВЫ МЕРТВЫ,SEN ÖLDÜN,ВИ МЕРТВІ,你死了,你死了
PHONE,TELEFONE DESCARTÁVEL,BURNER-TELEFON,ÜHEKORDNE TELEFON,BURNER PHONE,TELÉFONO QUEMADOR,TELÉFONO DE PREPAGO,PORTABLE PRÉPAYÉ,TELEFONO USA E GETTA,使い捨て携帯,대포폰,JEDNORAZOWY TELEFON,TELEFONE DESCARTÁVEL,ОДНОРАЗОВЫЙ ТЕЛЕФОН,YAKICI TELEFON,ОДНОРАЗОВИЙ ТЕЛЕФОН,一次性手机,一次性手機
SELECT,SELECIONAR,AUSWÄHLEN,VALI,SELECT,SELECCIONAR,SELECCIONAR,SÉLECTIONNER,SELEZIONA,決定,선택,WYBIERZ,SELECIONAR,ВЫБРАТЬ,SEÇENEKLER,ВИБРАТИ,选择,選擇
MEDICINE,REMÉDIO EXPIRADO,ABGELAUFENE MEDIKAMENTE,AEGUNUD RAVIM,EXPIRED MEDICINE,MEDICINA VENCIDA,MEDICINA CADUCADA,MÉDICAMENT PÉRIMÉ,MEDICINA SCADUTA,期限切れ薬,상한 약,PRZETERMINOWANY LEK,REMÉDIO EXPIRADO,ПРОСРОЧЕННОЕ ЛЕКАРСТВО,SON KULLANMA TARİHİ GEÇMİŞ İLAÇ,ПРОСТРОЧЕНІ ЛІКИ,过期药品,過期藥品
INTERESTING,MUITO INTERESSANTE ...,SEHR INTERESSANT ...,VÄGA HUVITAV ...,VERY INTERESTING ...,MUY INTERESANTE...,MUY INTERESANTE...,TRÈS INTÉRESSANT…,MOLTO INTERESSANTE...,なるほどな……,아주 재미있군...,BARDZO INTERESUJĄCE...,MUITO INTERESSANTE ...,ОЧЕНЬ ЛЮБОПЫТНО...,ÇOK İLGİNÇ...,ДУЖЕ ЦІКАВО…,真有意思……,真有意思……
ADRENALINE DESC,"ROUBA UM ITEM E
O USA IMEDIATAMENTE.","STIEHL EINEN GEGENSTAND UND
BENUTZE IHN SOFORT.","VARASTA DIILERILT ASI JA
KASUTA SEDA KOHE.","STEAL AN ITEM AND
USE IT IMMEDIATELY.","ROBAS UN OBJETO Y
LO USAS DE INMEDIATO.","ROBAS UN OBJETO Y
LO USAS DE INMEDIATO.","VOLEZ UN OBJET ET
UTILISEZ-LE IMMÉDIATEMENT.","RUBA UN OGGETTO
E USALO IMMEDIATAMENTE.","アイテム 1 つ盗み
即時使用","아이템을 훔쳐
 즉시 사용합니다.","UKRADNIJ PRZEDMIOT
I NATYCHMIAST GO UŻYJ.","ROUBAR UM ITEM E
USE-O IMEDIATAMENTE.","УКРАДИТЕ ПРЕДМЕТ И
СРАЗУ ЖЕ ЕГО ИСПОЛЬЗУЙТЕ.","BİR ÖĞE ÇAL VE
HEMEN KULLAN","УКРАДІТЬ ПРЕДМЕТ І
ВІДРАЗУ ЇМ СКОРИСТАЙТЕСЬ.","偷窃一件道具
 并立即使用","偷竊一件道具
 並立即使用"
SHOTS FIRED,TIROS DISPARADOS,SCHÜSSE ABGEFEUERT,LASKE TULISTATUD ..,SHOTS FIRED ........,TIROS DISPARADOS ......,DISPAROS REALIZADOS,COUPS TIRÉS,COLPI SPARATI,発砲数………………,탄 발사 수,WYSTRZELONE POCISKI,TIROS DISPARADOS .......,СДЕЛАНО ВЫСТРЕЛОВ ....,ATIŞLAR YAPILDI,ЗРОБЛЕНО ПОСТРІЛІВ,发射的子弹,發射的子彈
NO,NÃO,NEIN,EI,NO,NO,NO,NON,NO,いいえ,아니요,NIE,NÃO,НЕТ,HAYIR,НІ,否,否
MORE INTERESTING,"VAMOS DEIXAR ISSO UM POUCO
MAIS INTERESSANTE...","MACHEN WIR DIE SACHE EIN
BISSCHEN INTERESSANTER ...","TEEME SELLE NATUKE
HUVITAVAMAKS ...","LET'S MAKE THIS A LITTLE
MORE INTERESTING ...","HAGAMOS QUE ESTO SEA UN
POCO MÁS INTERESANTE...","HAGAMOS QUE ESTO SEA UN POCO
MÁS INTERESANTE...","FAISONS UN PEU MONTER
LES ENCHÈRES…","RENDIAMO IL TUTTO
UN PO' PIÙ INTERESSANTE...",もっと楽しもうか……,"이번엔 게임을 좀 더
 재미있게 해 볼까...","SPRAWIMY, ŻEBY BYŁO
BARDZIEJ INTERESUJĄCO...","VAMOS FAZER ISTO UM POUCO
MAIS INTERESSANTE...","ДАВАЙ-КА СДЕЛАЕМ 
ИГРУ ПОИНТЕРЕСНЕЙ...","HADİ BUNU BİRAZ
DAHA ILGINÇ HALE GETİRELİM...","ЧАС ЗРОБИТИ 
ГРУ ЦІКАВІШОЮ...","我们来玩更
刺激的吧……","我們來玩更
刺激的吧......"
HANDSAW,SERRA DE MÃO,HANDSÄGE,KÄSISAAG,HAND SAW,SIERRA DE MANO,SIERRA DE MANO,SCIE À MAIN,SEGA,ノコギリ,쇠톱,PIŁA RĘCZNA,SERRA DE MÃO,НОЖОВКА,EL TESTERESİ,НОЖІВКА,手锯,手鋸
BLANKROUNDS,%s MUNIÇÕES DE FESTIM.,%s PLATZPATRONEN.,%s TÜHJA.,%s BLANKS.,%s BALAS DE FOGUEO.,%s BALAS DE FOGUEO.,%s CARTOUCHE INERTES.,%s PROIETTILI A SALVE.,　空包 %s 発,%s 공포탄이야.,%s ŚLEPE NABOJE.,%s MUNIÇÕES SEM BALA,%s ХОЛОСТЫХ.,%s BOŞLUKLAR.,%s ХОЛОСТИХ.,%s 空包弹,%s 空包彈
ADRENALINE,ADRENALINA,ADRENALIN,ADRENALIIN,ADRENALINE,ADRENALINA,ADRENALINA,ADRÉNALINE,ADRENALINA,アドレナリン,아드레날린,ADRENALINA,ADRENALINA,АДРЕНАЛИН,ADRENALİN,АДРЕНАЛІН,肾上腺素,腎上腺素
INVERTER DESC,"TROCA O TIPO DE MUNIÇÃO DO
CARTUCHO ATUAL NA CÂMARA DA ARMA.",TAUSCHT DIE AKTUELLE PATRONE IN DER KAMMER ZU SCHARFER MUNITION BZW. ZU EINER PLATZPATRONE. ,"VAHETAB KESTAHEITEAVAS OLEVA 
PADRUNI POLAARSUST.","SWAPS THE POLARITY OF THE
CURRENT SHELL IN THE CHAMBER.","CAMBIA LA POLARIDAD DEL
CARTUCHO QUE HAY EN LA RECÁMARA.",CAMBIA EL CARTUCHO DE LA RECÁMARA POR SU INVERSO,"CHANGE LE TYPE DE CARTOUCHE
DANS LA CHAMBRE.","SCAMBIA IL TIPO DI PROIETTILE
PRESENTE IN CANNA.",薬室の弾の性質を反転,"약실에 장전된 탄의
 극성을 변경합니다.","ZAMIENIA RODZAJ
NABOJU W KOMORZE.","TROCA A POLARIDADE DO
CARTUCHO ATUAL NA CÂMARA DA ARMA.","МЕНЯЕТ ТЕКУЩИЙ ПАТРОН В ПАТРОННИКЕ
НА ПРОТИВОПОЛОЖНЫЙ.",MEVCUT ŞARJÖR İÇİNDEKİ FİŞEĞİN DURUMUNU DEĞİŞTİRİR.,"ЗМІНЮЄ ПОТОЧНИЙ ПАТРОН У НАБІЙНИКУ
НА ПРОТИЛЕЖНИЙ.",切换弹膛内当前子弹为实弹或空包弹,切換彈膛內當前子彈為實彈或空包彈
COLORBLIND_MODE,MODO DALTÓNICO,KLEURENBLINDE MODUS,VÄRVIPIME REŽIIM,COLOR BLIND MODE,MODO DALTÓNICO,MODO DALTÓNICO,MODE DALTONIEN,MODALITÀ DALTONICA,色弱モード,색맹 모드,TRYB ŚLEPOTY BARW,MODO DALTÓNICO,РЕЖИМ ДАЛЬТОНИКА,RENK KÖRÜ MODU,РЕЖИМ ДАЛЬТОНІКА,色盲模式,色盲模式
HANDCUFFS,ALGEMAS,HANDSCHELLEN,KÄERAUAD,HANDCUFFS,ESPOSAS,ESPOSAS,MENOTTES,MANETTE,手錠,수갑,KAJDANKI,ALGEMAS,НАРУЧНИКИ,KELEPÇELER,НАРУЧНИКИ,手铐,手銬
CIGARETTE DESC,"DÁ UMA ACALMADA.
RECUPERA 1 CARGA.","NIMMT DIE SCHÄRFE.
ERHALTE 1 LADUNG ZURÜCK.","LEEVENDAB STRESSI.
TAASTAD 1 SÄRTSU.","TAKES THE EDGE OFF.
REGAIN 1 CHARGE.","TE CALMA UN POCO.
RECUPERAS 1 CARGA.","TE CALMA UN POCO.
RECUPERAS 1 CARGA.","VOUS APAISE UN PEU.
VOUS RÉCUPÉREZ 1 CHARGE.","PLACA L'AGITAZIONE.
RIOTTIENI 1 CARICA.","一服
ライフ 1 回復","긴장을 풀어줍니다.
 차지를 1 획득합니다.",TROCHĘ CIĘ ODPRĘŻA. ODZYSKUJESZ 1 POZIOM ZDROWIA.,"RELAXA.
RECUPERA 1 CARGA.","СНИМИТЕ СТРЕСС.
ВОЗВРАЩАЕТ 1 РАЗРЯД.","GERGİNLİĞİ ALIR.
YENİDEN 1 DOLUM.","ЗНІМАЮТЬ СТРЕС.
ПОВЕРТАЮТЬ 1 ЗАРЯД.","消除压力
 恢复 1 点生命值","消除壓力
 恢復 1 點生命值"
SPANISH_LATIN AMERICA,ESPAÑOL (LATIN AMERICA),ESPAÑOL (LATIN AMERICA),ESPAÑOL (LATIN AMERICA),ESPAÑOL (LATIN AMERICA),ESPAÑOL (LATIN AMERICA),ESPAÑOL (LATIN AMERICA),ESPAÑOL (LATIN AMERICA),ESPAÑOL (LATIN AMERICA),ESPAÑOL (LATIN AMERICA),ESPAÑOL (LATIN AMERICA),ESPAÑOL (LATIN AMERICA),ESPAÑOL (LATIN AMERICA),ESPAÑOL (LATIN AMERICA),ESPAÑOL (LATIN AMERICA),ESPAÑOL (LATIN AMERICA),ESPAÑOL (LATIN AMERICA),ESPAÑOL (LATIN AMERICA)
BACK,VOLTAR,ZURÜCK,TAGASI,BACK,ATRÁS,ATRÁS,RETOUR,INDIETRO,戻る,뒤로,WSTECZ,VOLTAR,НАЗАД,GERİ,НАЗАД,返回,返回
BEER DESC,"PUXA O CARREGADOR DA ESPINGARDA.
EJETA O CARTUCHO ATUAL.","LÄDT DIE SCHROTFLINTE.
WIRFT DIE AKTUELLE PATRONE AUS.","VINNASTAB PÜSSI.
EEMALDAB PRAEGUSE PADRUNI.","RACKS THE SHOTGUN.
EJECTS CURRENT SHELL.","CARGA LA ESCOPETA.
EXPULSA EL CARTUCHO EN LA RECÁMARA.","TIRA DEL GUARDAMANOS DE LA ESCOPETA.
EXPULSA EL CARTUCHO EN LA RECÁMARA.","DÉCHARGE LE FUSIL.
ÉJECTE LA CARTOUCHE ACTUELLE.","TIRA LA MANIGLIA DEL FUCILE
ED ESPELLI IL PROIETTILE IN CANNA.",薬室の弾を排莢,"약실을 열어
 장전된 탄을 배출합니다.","PRZEŁADOWUJE STRZELBĘ.
WYRZUCA ZAŁADOWANY NABÓJ.","PUXA O CARREGADOR DA ESPINGARDA.
EJETA O CARTUCHO ATUAL.","ПЕРЕДЕРНИТЕ ЗАТВОР.
ИЗВЛЕКАЕТ ТЕКУЩИЙ ПАТРОН.","TÜFEĞI HAZIRLAR.
MEVCUT FİŞEĞİ ÇIKARTIR.","НАТЯГНІТЬ ЗАТВОР, ЩОБ 
ВИТЯГНУТИ ПОТОЧНИЙ ПАТРОН.","弹出霰弹枪膛内
当前的子弹","彈出霰彈槍膛內
當前的子彈 "
CONSUME,TOMAR COMPRIMIDOS?,PILLEN KONSUMIEREN?,NEELA ALLA?,CONSUME PILLS?,¿QUIERES TOMAR LAS PASTILLAS?,¿QUIERES TOMAR LAS PASTILLAS?,PRENDRE LES CACHETS ?,VUOI INGERIRE LE PILLOLE?,薬を服用？,알약을 먹을까요?,ŁYKASZ PIGUŁKI?,TOMAR COMPRIMIDOS?,ВЫПИТЬ ТАБЛЕТКИ?,HAPLARI ALMAK MI?,ПРИЙНЯТИ ПІГУЛКИ?,是否吃药？,是否吃藥？
PRESS ANY KEY,PRESSIONE QUALQUER BOTÃO PARA SAIR,DRÜCKE EINE BELIEBIGE TASTE ZUM VERLASSEN,"VAJUTA MISTAHES NUPPU, ET LAHKUDA",PRESS ANY BUTTON TO EXIT,PRESIONA CUALQUIER BOTÓN PARA SALIR,PULSA CUALQUIER BOTÓN PARA SALIR,APPUYER SUR UNE TOUCHE POUR QUITTER,PREMI QUALSIASI TASTO PER USCIRE,ボタン押下で退出,아무 버튼이나 눌러 시작,"NACIŚNIJ DOWOLNY PRZYCISK, ABY WYJŚĆ",PRESSIONE QUALQUER BOTÃO PARA SAIR,"НАЖМИТЕ ЛЮБУЮ КНОПКУ, ЧТОБЫ ВЫЙТИ",ÇIKMAK IÇIN HERHANGİ BİR TUŞA BASIN,"НАТИСНІТЬ БУДЬ-ЯКУ КЛАВІШУ, ЩОБ ВИЙТИ",按任意按钮退出,按任意按鈕退出
RETRY,"É MELHOR EU NÃO
NUNCA MAIS TE VER.","ICH WILL DICH NICHT
WIEDERSEHEN.",UUESTI,RETRY,VOLVER A INTENTAR,"SERÁ MEJOR QUE
NO VUELVA A VERTE.","MIEUX VAUT QUE JE
NE TE REVOIE PAS","È MEGLIO SE
NON TI FAI PIÙ VEDERE.",再挑戦,"이제 됐어
 다음에 보자고.","NIE CHCĘ CIĘ TU
WIĘCEJ WIDZIEĆ.",TENTAR NOVAMENTE,ЕЩЕ РАЗ,"YAPMASAM İYİ OLUR
TEKRAR GÖRÜŞMEK ÜZERE.",ЩЕ РАЗ,"最好不要让我
再见到你","最好不要讓我
再見到你"
OPTIONS LANGUAGE,IDIOMA,SPRACHE,VALI KEEL,LANGUAGE,IDIOMA,IDIOMA,LANGUE,LINGUA,言語,언어,JĘZYK,IDIOMA,ЯЗЫК,DİL,МОВА,语言,語言
YES,SIM,JA,JAH,YES,SÍ,SÍ,OUI,SÌ,はい,네,TAK,SIM,ДА,EVET,ТАК,是,是
RESTART,REINICIAR,NEUSTART,ALUSTA UUESTI,RESTART,VOLVER A EMPEZAR,VOLVER A EMPEZAR,REDÉMARRER,RICOMINCIA,やり直し,다시 시작,PONOWNY START,REINICIAR,ЗАНОВО,YENİDEN BAŞLA,ЗАНОВО,重新开始,重新開始
BLANKROUND,%s MUNIÇÃO DE FESTIM.,%s PLATZPATRONE.,%s TÜHI.,%s BLANK.,%s BALA DE FOGUEO.,%s BALA DE FOGUEO.,%s CARTOUCHE INERTE.,%s PROIETTILE A SALVE.,　空包 %s 発,%s 공포탄이야.,%s ŚLEPY NABÓJ.,%s MUNIÇÃO SEM BALA,%s ХОЛОСТОЙ.,%s BOŞ.,%s ХОЛОСТИЙ.,%s 空包弹,%s 空包彈
DOUBLE,"O DOBRO OU
NADA?","DOPPEL ODER
NICHTS","TOPELT VÕI
MITTE MIDAGI?","DOUBLE OR
NOTHING?","¿DOBLE
O NADA?","¿DOBLE
O NADA?",QUITTE OU DOUBLE ?,"LASCI O
RADDOPPI?","ダブル・オア・
ナッシング？",더블 아니면 꽝?,"PODWÓJNA STAWKA
ALBO NIC?","DOBRO OU
NADA?","ВСЕ ИЛИ 
НИЧЕГО?","İKİ KATI MI 
YOKSA HİÇ Mİ?","УДВІЧІ БІЛЬШЕ
ЧИ НІЧОГО?","加倍还是
 放弃？","加倍還是
 放棄？"
MEDICINE DESC,"50% DE CHANCE DE RECUPERAR 2 CARGAS.
SE NÃO, PERDE 1 CARGA.","50 % CHANCE, 2 LADUNGEN WIEDERZUERLANGEN.
WENN NICHT, VERLIERST DU 1 LADUNG.","50% TÕENÄOSUS TAASTADA 2 SÄRTSU.
KUI MITTE, KAOTAD 1 SÄRTSU.","50% CHANCE TO REGAIN 2 CHARGES.
IF NOT, LOSE 1 CHARGE.","PROBABILIDAD DEL 50% DE RECUPERAR 2 CARGAS.
EN CASO CONTRARIO, PIERDES 1 CARGA.","PROBABILIDAD DEL 50% DE RECUPERAR 2 CARGAS.
EN CASO CONTRARIO, PIERDES 1 CARGA.","50 % DE CHANCES D'OBTENIR 2 CHARGES.
SINON, VOUS PERDEZ 1 CHARGE.","50% DI PROBABILITÀ DI RIOTTENERE 2 CARICHE.
ALTRIMENTI PERDI 1 CARICA.","50%でライフ 2 回復
50%でライフ 1 喪失","50% 확률로 차지를 2 회복합니다.
 약효가 없으면 차지를 1 잃습니다.","50% SZANS ODZYSKANIA 2 POZIOMÓW ZDROWIA.
W PRZECIWNYM WYPADKU UTRATA 1 POZIOMU ZDROWIA.","50% DE CHANCE DE RECUPERAR 2 CARGAS.
SE NÃO, PERDE 1 CARGA.","50% ВЕРОЯТНОСТЬ ВЕРНУТЬ 2 РАЗРЯДА
ИЛИ ЖЕ ПОТЕРЯТЬ 1 РАЗРЯД.","2 DOLUM KAZANMAK İÇİN %50 ŞANS.
KAZANAMAZSA, 1 DOLUM KAYBEDER.","ПОВЕРНІТЬ 2 ЗАРЯДИ З ЙМОВІРНІСТЮ 50%.
У РАЗІ НЕВДАЧІ ВИ ВТРАТИТЕ 1 ЗАРЯД.","有 50% 的几率恢复 2 点生命值
 否则将损失 1 点生命值","有 50% 的機率恢復 2 點生命值
 否則將損失 1 點生命值"
INVERTER,INVERSOR,UMKEHRER,INVERTER,INVERTER,INVERSOR,INVERSOR,ONDULEUR,INVERTITORE,インバータ,인버터,INWERTER,INVERSOR,ИНВЕРТОР,İNVERTÖR,ІНВЕРТОР,逆转器,逆轉器
MAX_FPS,MAX FPS,MAX FPS,MAX FPS,MAX FPS,MAX FPS,MAX FPS,MAX FPS,MAX FPS,最大FPS,최대 FPS,MAKSYMALNE FPS,MAX FPS,МАКСИМАЛЬНЫЙ FPS,MAKSİMUM FPS,МАКСИМАЛЬНИЙ FPS,最大FPS,最大FPS
UNLIMITED,ILIMITADO,UNBEGRENZT,PIIRANGUTA,UNLIMITED,ILIMITADO,ILIMITADO,ILLIMITÉ,ILLIMITATO,無制限,무제한,BEZ LIMITU,ILIMITADO,БЕЗЛИМИТНЫЙ,SIN SINIRLAR,БЕЗЛІМІТНИЙ,无限制,無限制
ENV_FILTER,FILTRO AMBIENTAL,UMWELTFILTER,KESKKONNAFILTER,ENVIRONMENT FILTER,FILTRO AMBIENTAL,FILTRO AMBIENTAL,FILTRE ENVIRONNEMENTAL,FILTRO AMBIENTALE,環境フィルター,환경 필터,FILTR ŚRODOWISKOWY,FILTRO AMBIENTAL,ЭКОЛОГИЧЕСКИЙ ФИЛЬТР,ÇEVRE FILTRESI,ЕКОЛОГІЧНИЙ ФІЛЬТР,环境滤镜,環境濾鏡
LOW_PERF_MODE,BAIXO DESEMPENHO,GERINGE LEISTUNG,ALUSE PERFORMANTS,LOW PERFORMANCE MODE,MODO BAJO RENDIMIENTO,MODO BAJO RENDIMIENTO,MODE BASSE PERFORMANCE,MODALITÀ BASSA PRESTAZIONE,低性能モード,저성능 모드,NISKA WYDAJNOŚĆ,MODO BAIXO DESEMPENHO,РЕЖИМ НИЗКОЙ ПРОИЗВОДИТЕЛЬНОСТИ,DÜŞÜK PERFORMANS MODU,РЕЖИМ НИЗЬКОЇ ПРОДУКТИВНОСТІ,低性能模式,低性能模式
VERY_LOW_PERF_MODE,MUITO BAIXO DESEMPENHO,SEHR GERINGE LEISTUNG,ERITISED PERFORMANTS,MUITO BAIXA PERFORMANCE,MODO MUITO BAIXO RENDIMENTO,MODO MUITO BAIXO RENDIMENTO,MODE TRÈS FAIBLE PERFORMANCE,MODALITÀ BASSISSIMA PRESTAZIONE,非常低性能モード,매우 저성능 모드,NISKA WYDAJNOŚĆ,MUITO BAIXO DESEMPENHO,ОЧЕНЬ НИЗКАЯ ПРОИЗВОДИТЕЛЬНОСТЬ,DÜŞÜK PERFORMANS MODU,ДУЖЕ НИЗЬКА ПРОДУКТИВНІСТЬ,超低性能模式,超低性能模式
MATCH_FIXING,Manipulação de apostas,Spielmanipulation,Kihlveti manipuleerimine,Match-fixing,Manipulación de apuestas (LATAM),Manipulación de apuestas,Trucage de match,Manipolazione delle scommesse,八百長,승부 조작,Manipulowanie zakładów,Manipulação de apostas,Договорной матч,Şike maçı,Договірний матч,操纵赌局,操縱賭局
REMOVE,Remover,Entfernen,Eemaldama,Remove,Quitar (LATAM),Eliminar,Supprimer,Rimuovere,削除,제거하다,Usuń,Remover,Удалить,Kaldırmak,Видалити,移除,移除
NEW,Novo,Neu,Uus,New,Nuevo (LATAM),Nuevo,Nouveau,Nuovo,新規,새로운,Nowy,Novo,Новый,Yeni,Новий,新建,新建
INPUT_GAMBLING_NAME,Inserir nome de aposta,Spielname eingeben,Sisesta hasartmängu nimi,Enter gambling name,Ingresar nombre de apuesta (LATAM),Introducir nombre de apuesta,Entrer le nom du pari,Inserisci nome scommessa,賭けの名前を入力,도박 이름 입력,Wprowadź nazwę zakładu,Inserir nome de aposta,Введите название ставки,Bahis adı girin,Введіть назву ставки,输入赌局名称,輸入賭局名稱
CONFIRM_REMOVE_GAMBLING,Remover o jogo de azar?,Glücksspiel entfernen?,Hasartmängu eemaldada?,Remove gambling?,¿Eliminar juego de azar? (LATAM),¿Eliminar juego de azar?,Supprimer le jeu d'argent?,Rimuovere il gioco d'azzardo?,賭博を削除しますか？,도박을 제거할까요?,Usunąć grę hazardową?,Remover jogo de azar?,Удалить азартную игру?,Kumarı kaldırmak?,Видалити азартну гру?,是否移除赌局?,是否移除賭局?
EDIT,Editar,Bearbeiten,Redigeerima,Edit,Editar (LATAM),Editar,Éditer,Modifica,編集,편집,Edytuj,Editar,Редактировать,Düzenle,Редагувати,编辑,編輯